{
	"stars": [
		{
			"hr": 8746,
			"hd": 217358.0,
			"hip": 113593.0,
			"name_constellation": "",
			"proper": "HD 217358",
			"rahrs": 23.0,
			"ramin": 0.0,
			"rasec": 24.6,
			"dec-": "-",
			"decdeg": 25.0,
			"decmin": 37.0,
			"decsec": 36.0,
			"GLON": 30.06,
			"GLAT": -65.14,
			"mag": 6.3,
			"absmag": 0.898,
			"dist": 117.13853975096346,
			"pmra": 90.7,
			"pmdec": -42.22,
			"lum": 38.08903765,
			"ra_decdeg": 345.1025,
			"dec_decdeg": -25.62666667,
			"ra_rad": 6.023174882,
			"dec_rad": -0.44726971,
			"x": 104.8525568,
			"y": -27.8942093,
			"z": 52.04636315,
			"plx": 0.0,
			"kR": 1.0,
			"kG": 0.613,
			"kB": 0.338,
			"C": 5,
			"sy_pnum": 0,
			"exo_planets": [],
			"info": "HD 217358 is a G-type star, similar in size to the Sun. It is located approximately 40 light-years from Earth. This star is part of the constellation of Cygnus, known for its resemblance to a swan."
		},
		{
			"hr": 8747,
			"hd": 217364.0,
			"hip": 113638.0,
			"name_constellation": "Zet Gru",
			"proper": "* zet Gru",
			"rahrs": 23.0,
			"ramin": 0.0,
			"rasec": 52.8,
			"dec-": "-",
			"decdeg": 52.0,
			"decmin": 45.0,
			"decsec": 15.0,
			"GLON": 334.11,
			"GLAT": -57.16,
			"mag": 4.11,
			"absmag": 1.493,
			"dist": 50.22399903569922,
			"pmra": -65.09,
			"pmdec": -12.91,
			"lum": 22.01912211,
			"ra_decdeg": 345.22,
			"dec_decdeg": -52.75416667,
			"ra_rad": 6.025225644,
			"dec_rad": -0.920733902,
			"x": 19.53303396,
			"y": -5.153556574,
			"z": 26.5702648,
			"plx": 3.9e-05,
			"kR": 1.0,
			"kG": 0.613,
			"kB": 0.338,
			"C": 5,
			"sy_pnum": 0,
			"exo_planets": [],
			"info": "Zeta Gruis is about 1.4 times the size of the Sun and is located approximately 88 light-years from Earth. It is a blue giant star, which means it has a much higher temperature and luminosity compared to our Sun."
		},
		{
			"hr": 8748,
			"hd": 217382.0,
			"hip": 113116.0,
			"name_constellation": "",
			"proper": "HD 217382",
			"rahrs": 22.0,
			"ramin": 54.0,
			"rasec": 24.8,
			"dec-": "+",
			"decdeg": 84.0,
			"decmin": 20.0,
			"decsec": 46.0,
			"GLON": 119.95,
			"GLAT": 22.17,
			"mag": 4.7,
			"absmag": -0.488,
			"dist": 114.39291679059231,
			"pmra": 98.45,
			"pmdec": 23.89,
			"lum": 136.5211695,
			"ra_decdeg": 343.6033333,
			"dec_decdeg": 84.34611111,
			"ra_rad": 5.997009487,
			"dec_rad": 1.47211735,
			"x": 10.30667627,
			"y": -3.03276824,
			"z": 108.520785,
			"plx": 1e-06,
			"kR": 1.0,
			"kG": 0.691,
			"kB": 0.46,
			"C": 5,
			"sy_pnum": 0,
			"exo_planets": [],
			"info": "HD 217382 is a G-type star, approximately 1.2 times the size of the Sun. It is located about 73 light-years from Earth. This star is known to have a planetary system with at least one confirmed exoplanet."
		},
		{
			"hr": 8749,
			"hd": 217403.0,
			"hip": 113657.0,
			"name_constellation": "",
			"proper": "HD 217403",
			"rahrs": 23.0,
			"ramin": 1.0,
			"rasec": 7.5,
			"dec-": "-",
			"decdeg": 50.0,
			"decmin": 57.0,
			"decsec": 0.0,
			"GLON": 336.68,
			"GLAT": -58.33,
			"mag": 5.68,
			"absmag": -0.196,
			"dist": 146.32290538760935,
			"pmra": 88.21,
			"pmdec": 0.28,
			"lum": 104.3277881,
			"ra_decdeg": 345.28125,
			"dec_decdeg": -50.95,
			"ra_rad": 6.026294658,
			"dec_rad": -0.889245254,
			"x": 91.21627749,
			"y": -23.96205008,
			"z": 116.256959,
			"plx": 0.0,
			"kR": 1.0,
			"kG": 0.666,
			"kB": 0.419,
			"C": 5,
			"sy_pnum": 0,
			"exo_planets": [],
			"info": "HD 217403 is about 1.43 times the size of the Sun and is located approximately 90 light-years from Earth. This star is part of the constellation Cygnus and is believed to have a planet orbiting it."
		},
		{
			"hr": 8750,
			"hd": 217428.0,
			"hip": 113610.0,
			"name_constellation": "3    Psc",
			"proper": "*   3 Psc",
			"rahrs": 23.0,
			"ramin": 0.0,
			"rasec": 37.9,
			"dec-": "+",
			"decdeg": 0.0,
			"decmin": 11.0,
			"decsec": 9.0,
			"GLON": 74.11,
			"GLAT": -51.86,
			"mag": 6.22,
			"absmag": -0.051,
			"dist": 209.1437654243527,
			"pmra": 47.78,
			"pmdec": 10.71,
			"lum": 91.28512193,
			"ra_decdeg": 345.1579167,
			"dec_decdeg": 0.185833333,
			"ra_rad": 6.024142085,
			"dec_rad": 0.003243404,
			"x": 173.5422526,
			"y": -45.98823104,
			"z": 0.582297593,
			"plx": 0.0,
			"kR": 1.0,
			"kG": 0.881,
			"kB": 0.848,
			"C": 4,
			"sy_pnum": 0,
			"exo_planets": [],
			"info": "3 Psc is a G-type star, about 1.5 times the size of the Sun. It is located approximately 128 light-years from Earth. This star is part of the constellation Pisces and is known to possess a planetary system."
		},
		{
			"hr": 8751,
			"hd": 217459.0,
			"hip": 113622.0,
			"name_constellation": "",
			"proper": "HD 217459",
			"rahrs": 23.0,
			"ramin": 0.0,
			"rasec": 42.9,
			"dec-": "+",
			"decdeg": 3.0,
			"decmin": 0.0,
			"decsec": 42.0,
			"GLON": 77.06,
			"GLAT": -49.74,
			"mag": 5.85,
			"absmag": 0.173,
			"dist": 136.3605372605168,
			"pmra": 5.06,
			"pmdec": -83.58,
			"lum": 74.26770437,
			"ra_decdeg": 345.17875,
			"dec_decdeg": 3.011666667,
			"ra_rad": 6.024505695,
			"dec_rad": 0.052563499,
			"x": 131.884322,
			"y": -34.89767419,
			"z": 7.177498557,
			"plx": 0.0,
			"kR": 1.0,
			"kG": 0.653,
			"kB": 0.398,
			"C": 5,
			"sy_pnum": 0,
			"exo_planets": [],
			"info": "HD 217459 is about 1.5 times the size of the Sun and is located approximately 145 light-years away from Earth. This star is part of the constellation Scorpius and has a slightly higher surface temperature than our Sun."
		},
		{
			"hr": 8752,
			"hd": 217476.0,
			"hip": 113561.0,
			"name_constellation": "",
			"proper": "V* V509 Cas",
			"rahrs": 23.0,
			"ramin": 0.0,
			"rasec": 5.1,
			"dec-": "+",
			"decdeg": 56.0,
			"decmin": 56.0,
			"decsec": 43.0,
			"GLON": 108.16,
			"GLAT": -2.7,
			"mag": 5.1,
			"absmag": -14.9,
			"dist": 3988.8312724371754,
			"pmra": -2.94,
			"pmdec": -3.09,
			"lum": 79432823.47,
			"ra_decdeg": 345.02125,
			"dec_decdeg": 56.94527778,
			"ra_rad": 6.021756802,
			"dec_rad": 0.993882591,
			"x": 52690.66977,
			"y": -14097.47939,
			"z": 83815.00101,
			"plx": 2e-06,
			"kR": 1.0,
			"kG": 0.843,
			"kB": 0.76,
			"C": 4,
			"sy_pnum": 0,
			"exo_planets": [],
			"info": "V* V509 Cas is approximately 1.5 times the size of the Sun and is located about 206 light-years from Earth. This star is categorized as a blue giant, indicating it is significantly hotter and more luminous than our Sun."
		},
		{
			"hr": 8753,
			"hd": 217477.0,
			"hip": 113621.0,
			"name_constellation": "",
			"proper": "HD 217477",
			"rahrs": 23.0,
			"ramin": 0.0,
			"rasec": 42.5,
			"dec-": "+",
			"decdeg": 31.0,
			"decmin": 4.0,
			"decsec": 59.0,
			"GLON": 96.64,
			"GLAT": -26.07,
			"mag": 6.6,
			"absmag": 0.94,
			"dist": 175.39244058581073,
			"pmra": 17.07,
			"pmdec": 0.04,
			"lum": 36.64375746,
			"ra_decdeg": 345.1770833,
			"dec_decdeg": 31.08305556,
			"ra_rad": 6.024476607,
			"dec_rad": 0.542501661,
			"x": 112.1842012,
			"y": -29.68835234,
			"z": 69.95667322,
			"plx": 0.0,
			"kR": 0.349,
			"kG": 0.493,
			"kB": 1.0,
			"C": 1,
			"sy_pnum": 0,
			"exo_planets": [],
			"info": "HD 217477 is a G-type star, approximately 1.2 times the size of the Sun. It is about 201 light-years away from Earth. This star has a surface temperature similar to our Sun's, indicating it could host a similar environment for potential planets."
		},
		{
			"hr": 8754,
			"hd": 217484.0,
			"hip": 113669.0,
			"name_constellation": "",
			"proper": "HD 217484",
			"rahrs": 23.0,
			"ramin": 1.0,
			"rasec": 19.4,
			"dec-": "-",
			"decdeg": 28.0,
			"decmin": 51.0,
			"decsec": 13.0,
			"GLON": 22.39,
			"GLAT": -65.68,
			"mag": 5.55,
			"absmag": -0.523,
			"dist": 159.49980860022967,
			"pmra": 58.42,
			"pmdec": -21.46,
			"lum": 140.9937949,
			"ra_decdeg": 345.3308333,
			"dec_decdeg": -28.85361111,
			"ra_rad": 6.02716005,
			"dec_rad": -0.503590515,
			"x": 138.9026478,
			"y": -36.36054461,
			"z": 79.11038322,
			"plx": 0.0,
			"kR": 1.0,
			"kG": 0.666,