{
	"stars": [
		{
			"hr": 6755,
			"hd": 165402.0,
			"hip": 88670.0,
			"name_constellation": "",
			"proper": "HD 165402",
			"rahrs": 18.0,
			"ramin": 6.0,
			"rasec": 7.4,
			"dec-": "-",
			"decdeg": 8.0,
			"decmin": 19.0,
			"decsec": 26.0,
			"GLON": 20.3,
			"GLAT": 6.14,
			"mag": 5.84,
			"absmag": -0.163,
			"dist": 264.43833298074884,
			"pmra": -2.45,
			"pmdec": -16.72,
			"lum": 101.2045411,
			"ra_decdeg": 271.5308333,
			"dec_decdeg": -8.323888889,
			"ra_rad": 4.739107062,
			"dec_rad": -0.145279268,
			"x": 4.195790857,
			"y": -157.002004,
			"z": 22.9791744,
			"plx": 0.0,
			"kR": 0.459,
			"kG": 0.586,
			"kB": 1.0,
			"C": 1,
			"sy_pnum": 0,
			"exo_planets": [],
			"info": "HD 165402 is about 1.1 times the size of the Sun. It is located approximately 88 light-years from Earth. This star is part of the constellation Centaurus and is classified as a K-type giant star."
		},
		{
			"hr": 6756,
			"hd": 165438.0,
			"hip": 88684.0,
			"name_constellation": "",
			"proper": "HD 165438",
			"rahrs": 18.0,
			"ramin": 6.0,
			"rasec": 15.2,
			"dec-": "-",
			"decdeg": 4.0,
			"decmin": 45.0,
			"decsec": 5.0,
			"GLON": 23.48,
			"GLAT": 7.82,
			"mag": 5.74,
			"absmag": 2.913,
			"dist": 35.81264257908326,
			"pmra": 142.64,
			"pmdec": -30.41,
			"lum": 5.953878941,
			"ra_decdeg": 271.5633333,
			"dec_decdeg": -4.751388889,
			"ra_rad": 4.739674294,
			"dec_rad": -0.08292738,
			"x": 0.999565061,
			"y": -36.62472035,
			"z": 3.045307046,
			"plx": 0.0,
			"kR": 1.0,
			"kG": 0.613,
			"kB": 0.338,
			"C": 5,
			"sy_pnum": 0,
			"exo_planets": [],
			"info": "HD 165438 is about 1.1 times the size of the Sun and is located approximately 60 light-years from Earth. It is classified as a K-type star, which means it is cooler and orange in color compared to our Sun."
		},
		{
			"hr": 6757,
			"hd": 165462.0,
			"hip": 88671.0,
			"name_constellation": "",
			"proper": "HD 165462",
			"rahrs": 18.0,
			"ramin": 6.0,
			"rasec": 7.4,
			"dec-": "-",
			"decdeg": 0.0,
			"decmin": 26.0,
			"decsec": 48.0,
			"GLON": 27.31,
			"GLAT": 9.86,
			"mag": 6.32,
			"absmag": -0.343,
			"dist": 224.44170126809558,
			"pmra": -21.49,
			"pmdec": -12.55,
			"lum": 119.4538083,
			"ra_decdeg": 271.5308333,
			"dec_decdeg": -0.446666667,
			"ra_rad": 4.739107062,
			"dec_rad": -0.007795804,
			"x": 5.744966886,
			"y": -214.9705133,
			"z": 1.676500291,
			"plx": 0.0,
			"kR": 1.0,
			"kG": 0.89,
			"kB": 0.869,
			"C": 4,
			"sy_pnum": 0,
			"exo_planets": [],
			"info": "HD 165462 is approximately 1.18 times the size of the Sun. It is located about 89 light-years from Earth. This star is classified as a G-type main-sequence star, similar to our Sun."
		},
		{
			"hr": 6758,
			"hd": 165475.0,
			"hip": 88627.0,
			"name_constellation": "",
			"proper": "HD 165475",
			"rahrs": 18.0,
			"ramin": 5.0,
			"rasec": 43.3,
			"dec-": "+",
			"decdeg": 12.0,
			"decmin": 0.0,
			"decsec": 14.0,
			"GLON": 38.69,
			"GLAT": 15.51,
			"mag": 6.51,
			"absmag": 0.809,
			"dist": 171.79178835251673,
			"pmra": -2.48,
			"pmdec": -2.83,
			"lum": 41.3428108,
			"ra_decdeg": 271.4304167,
			"dec_decdeg": 12.00388889,
			"ra_rad": 4.737354461,
			"dec_rad": 0.209507384,
			"x": 3.372517623,
			"y": -135.0591639,
			"z": 28.72624452,
			"plx": 9e-06,
			"kR": 0.7,
			"kG": 0.759,
			"kB": 1.0,
			"C": 2,
			"sy_pnum": 0,
			"exo_planets": [],
			"info": "HD 165475 is about 1.3 times the size of the Sun. It is approximately 80 light-years away from Earth. This star is part of the constellation Aquila and has a distinct yellowish hue, indicating it is a G-type main-sequence star."
		},
		{
			"hr": 6759,
			"hd": 165493.0,
			"hip": 88859.0,
			"name_constellation": "",
			"proper": "HD 165493",
			"rahrs": 18.0,
			"ramin": 8.0,
			"rasec": 30.1,
			"dec-": "-",
			"decdeg": 45.0,
			"decmin": 46.0,
			"decsec": 2.0,
			"GLON": 347.45,
			"GLAT": -12.19,
			"mag": 6.13,
			"absmag": -1.041,
			"dist": 282.96547821165814,
			"pmra": -2.56,
			"pmdec": -17.39,
			"lum": 227.1956438,
			"ra_decdeg": 272.1254167,
			"dec_decdeg": -45.76722222,
			"ra_rad": 4.749484499,
			"dec_rad": -0.798788717,
			"x": 7.030155894,
			"y": -189.4280264,
			"z": 194.7042326,
			"plx": 0.0,
			"kR": 0.359,
			"kG": 0.503,
			"kB": 1.0,
			"C": 1,
			"sy_pnum": 0,
			"exo_planets": [],
			"info": "HD 165493 is roughly 1.7 times the size of the Sun. It is located about 105 light-years from Earth. This star is part of the constellation Hercules and is a G-type giant star."
		},
		{
			"hr": 6760,
			"hd": 165497.0,
			"hip": 89006.0,
			"name_constellation": "",
			"proper": "HD 165497",
			"rahrs": 18.0,
			"ramin": 9.0,
			"rasec": 57.6,
			"dec-": "-",
			"decdeg": 59.0,
			"decmin": 2.0,
			"decsec": 24.0,
			"GLON": 335.07,
			"GLAT": -17.98,
			"mag": 6.38,
			"absmag": -0.125,
			"dist": 210.3491796381994,
			"pmra": -25.57,
			"pmdec": -2.74,
			"lum": 97.7237221,
			"ra_decdeg": 272.49,
			"dec_decdeg": -59.04,
			"ra_rad": 4.755847679,
			"dec_rad": -1.03044239,
			"x": 4.469967156,
			"y": -102.790762,
			"z": 171.5053312,
			"plx": 0.0,
			"kR": 1.0,
			"kG": 0.691,
			"kB": 0.46,
			"C": 5,
			"sy_pnum": 0,
			"exo_planets": [],
			"info": "HD 165497 is about 2.2 times the size of the Sun and located approximately 305 light-years from Earth. It is a bright giant star with a surface temperature exceeding 5,300 K, giving it a bluish hue."
		},
		{
			"hr": 6761,
			"hd": 165499.0,
			"hip": 89042.0,
			"name_constellation": "Iot Pav",
			"proper": "* iot Pav",
			"rahrs": 18.0,
			"ramin": 10.0,
			"rasec": 26.1,
			"dec-": "-",
			"decdeg": 62.0,
			"decmin": 0.0,
			"decsec": 8.0,
			"GLON": 332.21,
			"GLAT": -19.17,
			"mag": 5.47,
			"absmag": 4.241,
			"dist": 17.7948291785373,
			"pmra": -77.6,
			"pmdec": 234.68,
			"lum": 1.752265862,
			"ra_decdeg": 272.60875,
			"dec_decdeg": -62.00222222,
			"ra_rad": 4.757920257,
			"dec_rad": -1.082142921,
			"x": 0.376305979,
			"y": -8.259067817,
			"z": 15.55061709,
			"plx": 5.3e-05,
			"kR": 0.827,
			"kG": 0.839,
			"kB": 1.0,
			"C": 4,
			"sy_pnum": 0,
			"exo_planets": [],
			"info": "Iot Pavonis is approximately 1.3 times the size of the Sun and is located about 62 light-years from Earth. This star is classified as a G-type giant, indicating it has evolved past the main sequence stage of its life cycle."
		},
		{
			"hr": 6762,
			"hd": 165516.0,
			"hip": 88760.0,
			"name_constellation": "",
			"proper": "HD 165516",
			"rahrs": 18.0,
			"ramin": 7.0,
			"rasec": 11.4,
			"dec-": "-",
			"decdeg": 21.0,
			"decmin": 26.0,
			"decsec": 38.0,
			"GLON": 8.93,
			"GLAT": -0.44,
			"mag": 6.22,
			"absmag": -3.065,
			"dist": 1295.0012950012947,
			"pmra": -0.26,
			"pmdec": -2.15,
			"lum": 1465.547841,
			"ra_decdeg": 271.7975,
			"dec_decdeg": -21.44388889,
			"ra_rad": 4.743761274,
			"dec_rad": -0.374266466,
			"x": 21.00416616,
			"y": -669.2935894,
			"z": 263.0143103,
			"plx": 0.0,
			"kR": 0.482,
			"kG": 0.604,
			"kB": 1.0,
			"C": 1,
			"sy_pnum": 0,
			"exo_planets": [],
			"info": "HD 165516 is about 1.07 times the size of the Sun and lies approximately 95 light-years away from Earth. It is classified as a G-type star, similar to our Sun, and has a temperature of around 5,740 K."
		},
		{
			"hr": 6763,
			"hd": 165524.0,
			"hip": 88604.0,
			"name_constellation": "",
			"proper": "HD 165524",
			"rahrs": 18.0,
			"ramin": 5.0,
			"rasec": 30.2,
			"dec-": "+",
			"decdeg": 21.0,
			"decmin": 38.0,
			"decsec": 49.0,
			"GLON": 47.92,
			"GLAT": 19.44,
			"mag": 6.18,
			"absmag": 0.368,
			"dist": 131.10627474630934,
			"pmra": 11.94,
			"pmdec": 1.69,
			"lum": 62.05831793,
			"ra_decdeg": 271.3758333,
			"dec_decdeg": 21.64694444,
			"ra_rad": 4.736401802,
			"dec_rad": 0.377810454,
			"x": 3.243772694,
			"y": -135.0590635,
			"z": 53.61717051,
			"plx": 0.0,
			"kR": 1.0,
			"kG": 0.666,
			"kB": 0.419,
			"C": 5,
			"sy_pnum": 0,
			"exo_planets": [],