{
	"stars" : [
		{
			"hr": 5442,
			"hd": 128000.0,
			"hip": 71111.0,
			"name_constellation": "",
			"proper": "HD 128000",
			"rahrs": 14.0,
			"ramin": 32.0,
			"rasec": 30.9,
			"dec-": "+",
			"decdeg": 55.0,
			"decmin": 23.0,
			"decsec": 52.0,
			"GLON": 96.99,
			"GLAT": 56.34,
			"mag": 5.74,
			"absmag": -0.655,
			"dist": 181.369704004643,
			"pmra": 5.68,
			"pmdec": -14.75,
			"lum": 159.2208727,
			"ra_decdeg": 218.12875,
			"dec_decdeg": 55.39777778,
			"ra_rad": 3.807064881,
			"dec_rad": 0.966873621,
			"x": -84.92498983,
			"y": -66.65853843,
			"z": 156.4856427,
			"plx": 0.0,
			"kR": 1.0,
			"kG": 0.715,
			"kB": 0.502,
			"C": 5,
			"sy_pnum": 0,
			"exo_planets": [],
			"info": "HD 128000 is a G-type star approximately 60% the size of the Sun. It is located about 64 light-years from Earth. This star is part of the Milky Way galaxy and lies in the constellation of Scorpius."
		},
		{
			"hr": 5443,
			"hd": 128020.0,
			"hip": 71530.0,
			"name_constellation": "",
			"proper": "HD 128020",
			"rahrs": 14.0,
			"ramin": 37.0,
			"rasec": 46.3,
			"dec-": "-",
			"decdeg": 67.0,
			"decmin": 55.0,
			"decsec": 56.0,
			"GLON": 312.69,
			"GLAT": -7.1,
			"mag": 6.03,
			"absmag": 3.802,
			"dist": 27.76304793845487,
			"pmra": -348.26,
			"pmdec": -281.37,
			"lum": 2.625427319,
			"ra_decdeg": 219.4429167,
			"dec_decdeg": -67.93222222,
			"ra_rad": 3.830001416,
			"dec_rad": -1.185640946,
			"x": -8.093157478,
			"y": -6.657952989,
			"z": 25.85048742,
			"plx": 5.1e-05,
			"kR": 0.839,
			"kG": 0.847,
			"kB": 1.0,
			"C": 3,
			"sy_pnum": 0,
			"exo_planets": [],
			"info": "HD 128020 is approximately 1.23 times the size of the Sun. It is located about 150 light-years away from Earth. This star is part of the constellation Centaurus and is known to be a metal-rich star, indicating it may have formed in a more chemically evolved region of the galaxy."
		},
		{
			"hr": 5444,
			"hd": 128068.0,
			"hip": 71419.0,
			"name_constellation": "",
			"proper": "HD 128068",
			"rahrs": 14.0,
			"ramin": 36.0,
			"rasec": 19.0,
			"dec-": "-",
			"decdeg": 46.0,
			"decmin": 14.0,
			"decsec": 43.0,
			"GLON": 321.2,
			"GLAT": 12.87,
			"mag": 5.55,
			"absmag": -1.108,
			"dist": 212.81576539190021,
			"pmra": -31.17,
			"pmdec": 16.46,
			"lum": 241.6573451,
			"ra_decdeg": 219.0791667,
			"dec_decdeg": -46.24527778,
			"ra_rad": 3.823652781,
			"dec_rad": -0.807132361,
			"x": -115.2040864,
			"y": -93.55428691,
			"z": 155.0015132,
			"plx": 1.9e-05,
			"kR": 1.0,
			"kG": 0.666,
			"kB": 0.419,
			"C": 5,
			"sy_pnum": 0,
			"exo_planets": [],
			"info": "HD 128068 is about 1.2 times the size of the Sun. It is located approximately 134 light-years from Earth. This star is part of the constellation Centaurus and is notable for being a G-type main-sequence star like our Sun."
		},
		{
			"hr": 5445,
			"hd": 128093.0,
			"hip": 71243.0,
			"name_constellation": "",
			"proper": "HD 128093",
			"rahrs": 14.0,
			"ramin": 34.0,
			"rasec": 11.7,
			"dec-": "+",
			"decdeg": 32.0,
			"decmin": 32.0,
			"decsec": 4.0,
			"GLON": 52.82,
			"GLAT": 67.13,
			"mag": 6.32,
			"absmag": 3.279,
			"dist": 41.35854550267176,
			"pmra": 106.09,
			"pmdec": 5.69,
			"lum": 4.250108332,
			"ra_decdeg": 218.54875,
			"dec_decdeg": 32.53444444,
			"ra_rad": 3.814395264,
			"dec_rad": 0.567833176,
			"x": -26.74832152,
			"y": -21.31375946,
			"z": 21.81773539,
			"plx": 0.0,
			"kR": 0.939,
			"kG": 0.907,
			"kB": 1.0,
			"C": 3,
			"sy_pnum": 0,
			"exo_planets": [],
			"info": "HD 128093 is a G-type star about 1.2 times the size of the Sun, located approximately 48 light-years from Earth. It has a planetary system with at least one confirmed exoplanet orbiting it."
		},
		{
			"hr": 5446,
			"hd": 128152.0,
			"hip": 71429.0,
			"name_constellation": "",
			"proper": "HD 128152",
			"rahrs": 14.0,
			"ramin": 36.0,
			"rasec": 24.2,
			"dec-": "-",
			"decdeg": 39.0,
			"decmin": 35.0,
			"decsec": 50.0,
			"GLON": 324.04,
			"GLAT": 18.93,
			"mag": 6.13,
			"absmag": 0.408,
			"dist": 174.7549062439928,
			"pmra": -47.69,
			"pmdec": -23.94,
			"lum": 59.81360798,
			"ra_decdeg": 219.1008333,
			"dec_decdeg": -39.59722222,
			"ra_rad": 3.824030936,
			"dec_rad": -0.691101902,
			"x": -83.399008,
			"y": -67.77854943,
			"z": 88.89631377,
			"plx": 0.0,
			"kR": 1.0,
			"kG": 0.613,
			"kB": 0.338,
			"C": 5,
			"sy_pnum": 0,
			"exo_planets": [],
			"info": "HD 128152 is about 1.4 times the size of the Sun and is located approximately 64 light years from Earth. It is classified as a K-type star, which means it is cooler than the Sun and has a longer lifespan."
		},
		{
			"hr": 5447,
			"hd": 128167.0,
			"hip": 71284.0,
			"name_constellation": "28Sig Boo",
			"proper": "* sig Boo",
			"rahrs": 14.0,
			"ramin": 34.0,
			"rasec": 40.8,
			"dec-": "+",
			"decdeg": 29.0,
			"decmin": 44.0,
			"decsec": 42.0,
			"GLON": 45.62,
			"GLAT": 67.2,
			"mag": 4.47,
			"absmag": 3.472,
			"dist": 15.75599633830645,
			"pmra": 188.32,
			"pmdec": 132.72,
			"lum": 3.557951306,
			"ra_decdeg": 218.67,
			"dec_decdeg": 29.745,
			"ra_rad": 3.816511475,
			"dec_rad": 0.519148186,
			"x": -10.73284448,
			"y": -8.58940704,
			"z": 7.855297063,
			"plx": 6.8e-05,
			"kR": 0.974,
			"kG": 0.926,
			"kB": 1.0,
			"C": 3,
			"sy_pnum": 0,
			"exo_planets": [],
			"info": "Sigma Bootis is about 1.1 times the size of the Sun. It's approximately 39 light-years away from Earth. This star is classified as a G-type giant, indicating it has evolved beyond the main sequence phase."
		},
		{
			"hr": 5448,
			"hd": 128198.0,
			"hip": 71277.0,
			"name_constellation": "",
			"proper": "HD 128198",
			"rahrs": 14.0,
			"ramin": 34.0,
			"rasec": 38.5,
			"dec-": "+",
			"decdeg": 36.0,
			"decmin": 37.0,
			"decsec": 33.0,
			"GLON": 62.91,
			"GLAT": 66.22,
			"mag": 6.02,
			"absmag": 0.061,
			"dist": 168.25103053756203,
			"pmra": -24.54,
			"pmdec": -46.6,
			"lum": 82.33794052,
			"ra_decdeg": 218.6604167,
			"dec_decdeg": 36.62583333,
			"ra_rad": 3.816344215,
			"dec_rad": 0.639241383,
			"x": -97.46187266,
			"y": -77.97119542,
			"z": 92.78177356,
			"plx": 0.0,
			"kR": 1.0,
			"kG": 0.715,
			"kB": 0.502,
			"C": 5,
			"sy_pnum": 0,
			"exo_planets": [],
			"info": "HD 128198 is about 1.3 times the size of the Sun. It is located approximately 65 light-years from Earth. This star is part of the constellation Centaurus and is a member of the spectral type A, which indicates its bright and blue-white appearance."
		},
		{
			"hr": 5449,
			"hd": 128207.0,
			"hip": 71453.0,
			"name_constellation": "",
			"proper": "HD 128207",
			"rahrs": 14.0,
			"ramin": 36.0,
			"rasec": 44.2,
			"dec-": "-",
			"decdeg": 40.0,
			"decmin": 12.0,
			"decsec": 42.0,
			"GLON": 323.84,
			"GLAT": 18.35,
			"mag": 5.74,
			"absmag": -0.104,
			"dist": 136.3847140012547,
			"pmra": -22.67,
			"pmdec": -22.05,
			"lum": 95.85173977,
			"ra_decdeg": 219.1841667,
			"dec_decdeg": -40.21166667,
			"ra_rad": 3.825485377,
			"dec_rad": -0.701825981,
			"x": -87.30544477,
			"y": -71.16441788,
			"z": 95.22316944,
			"plx": 0.0,
			"kR": 0.355,
			"kG": 0.499,
			"kB": 1.0,
			"C": 1,
			"sy_pnum": 0,
			"exo_planets": [],
			"info": "HD 128207 is about 1.2 times the size of the Sun and is located approximately 149 light-years from Earth. This star is part of the constellation Centaurus and has a surface temperature similar to the Sun's."
		},
		{
			"hr": 5450,
			"hd": 128266.0,
			"hip": 71500.0,
			"name_constellation": "",
			"proper": "* a Lup",
			"rahrs": 14.0,
			"ramin": 37.0,
			"rasec": 20.1,
			"dec-": "-",
			"decdeg": 46.0,
			"decmin": 8.0,
			"decsec": 2.0,
			"GLON": 321.41,
			"GLAT": 12.9,
			"mag": 5.39,
			"absmag": -2.718,
			"dist": 418.41004184100416,
			"pmra": -14.24,
			"pmdec": -10.7,
			"lum": 1064.633187,
			"ra_decdeg": 219.33375,
			"dec_decdeg": -46.13388889,
			"ra_rad": 3.828096098,
			"dec_rad": -0.805188258,
			"x": -224.265118,