{
	"stars": [
		{
			"hr": 424,
			"hd": 8890,
			"hip": 11767,
			"name_constellation": "1Alp UMi",
			"proper": "Polaris",
			"rahrs": 2,
			"ramin": 31,
			"rasec": 48.7,
			"dec-": "+",
			"decdeg": 89,
			"decmin": 15,
			"decsec": 51,
			"GLON": 123.28,
			"GLAT": 26.46,
			"mag": 1.97,
			"absmag": -3.643,
			"dist": 132.6259946949602,
			"pmra": 44.22,
			"pmdec": -11.74,
			"lum": 2495.743795,
			"ra_decdeg": 37.95291667,
			"dec_decdeg": 89.26416667,
			"ra_rad": 0.662403357,
			"dec_rad": 1.557953612,
			"x": 1.343025615,
			"y": 1.047510433,
			"z": 132.6150628,
			"plx": 0.000007,
			"kR": 0.851,
			"kG": 0.855,
			"kB": 1,
			"C": 3,
			"sy_pnum": 0,
			"exo_planets": [],
			"info": "Polaris, also known as the North Star, is about 2 times the size of the Sun. It is located approximately 433 light-years from Earth. Polaris is unique as it is a multiple star system, with two companion stars in close orbit."
		},
		{
			"hr": 4295,
			"hd": 95418.0,
			"hip": 53910.0,
			"name_constellation": "48Bet UMa",
			"proper": "Merak",
			"rahrs": 11.0,
			"ramin": 1.0,
			"rasec": 50.5,
			"dec-": "+",
			"decdeg": 56.0,
			"decmin": 22.0,
			"decsec": 57.0,
			"GLON": 149.17,
			"GLAT": 54.8,
			"mag": 2.34,
			"absmag": 0.399,
			"dist": 25.904655325608566,
			"pmra": 81.66,
			"pmdec": 33.74,
			"lum": 60.31148196,
			"ra_decdeg": 165.4604167,
			"dec_decdeg": 56.3825,
			"ra_rad": 2.887829053,
			"dec_rad": 0.984060266,
			"x": -13.10307059,
			"y": 3.398344023,
			"z": 20.36070748,
			"plx": 5.3e-05,
			"kR": 0.789,
			"kG": 0.816,
			"kB": 1.0,
			"C": 2,
			"sy_pnum": 0,
			"exo_planets": [],
			"info": "Merak is about 3 times the size of the Sun and is located approximately 79 light-years from Earth. It is the brighter star in the Big Dipper's 'bowl' and is used for navigation to locate the North Star, Polaris."
		},
		{
			"hr": 4301,
			"hd": 95689.0,
			"hip": 54061.0,
			"name_constellation": "50Alp UMa",
			"proper": "Dubhe",
			"rahrs": 11.0,
			"ramin": 3.0,
			"rasec": 43.7,
			"dec-": "+",
			"decdeg": 61.0,
			"decmin": 45.0,
			"decsec": 3.0,
			"GLON": 142.85,
			"GLAT": 51.01,
			"mag": 1.81,
			"absmag": -1.07,
			"dist": 37.67897513187641,
			"pmra": -136.46,
			"pmdec": -35.25,
			"lum": 233.3458062,
			"ra_decdeg": 165.9320833,
			"dec_decdeg": 61.75083333,
			"ra_rad": 2.896061189,
			"dec_rad": 1.077755358,
			"x": -17.29886475,
			"y": 4.33487811,
			"z": 33.19134151,
			"plx": 3.8e-05,
			"kR": 1.0,
			"kG": 0.89,
			"kB": 0.869,
			"C": 4,
			"sy_pnum": 0,
			"exo_planets": [],
			"info": "Dubhe is approximately 4 times the size of the Sun. It is located about 124 light-years from Earth. Dubhe is one of the stars that form the Big Dipper asterism."
		},
		{
			"hr": 4554,
			"hd": 103287.0,
			"hip": 58001.0,
			"name_constellation": "64Gam UMa",
			"proper": "Phecda",
			"rahrs": 11.0,
			"ramin": 53.0,
			"rasec": 49.8,
			"dec-": "+",
			"decdeg": 53.0,
			"decmin": 41.0,
			"decsec": 41.0,
			"GLON": 140.84,
			"GLAT": 61.38,
			"mag": 2.41,
			"absmag": 0.377,
			"dist": 25.503698036215244,
			"pmra": 107.76,
			"pmdec": 11.16,
			"lum": 61.54602374,
			"ra_decdeg": 178.4575,
			"dec_decdeg": 53.69472222,
			"ra_rad": 3.11467095,
			"dec_rad": 0.937149694,
			"x": -15.09494789,
			"y": 0.406479922,
			"z": 20.55276225,
			"plx": 2.8e-05,
			"kR": 0.349,
			"kG": 0.493,
			"kB": 1.0,
			"C": 2,
			"sy_pnum": 0,
			"exo_planets": [],
			"info": "Phecda is about 2.4 times larger than the Sun and is located approximately 83 light-years from Earth. It is part of the Big Dipper asterism in the constellation Ursa Major."
		},
		{
			"hr": 4660,
			"hd": 106591.0,
			"hip": 59774.0,
			"name_constellation": "69Del UMa",
			"proper": "Megrez",
			"rahrs": 12.0,
			"ramin": 15.0,
			"rasec": 25.6,
			"dec-": "+",
			"decdeg": 57.0,
			"decmin": 1.0,
			"decsec": 57.0,
			"GLON": 132.57,
			"GLAT": 59.42,
			"mag": 3.32,
			"absmag": 1.358,
			"dist": 24.79672881553465,
			"pmra": 103.56,
			"pmdec": 7.81,
			"lum": 24.93446188,
			"ra_decdeg": 183.8566667,
			"dec_decdeg": 57.0325,
			"ra_rad": 3.208904185,
			"dec_rad": 0.995404906,
			"x": -13.40241296,
			"y": -0.903501896,
			"z": 20.71045743,
			"plx": 6.1e-05,
			"kR": 0.756,
			"kG": 0.795,
			"kB": 1.0,
			"C": 2,
			"sy_pnum": 0,
			"exo_planets": [],
			"info": "Megrez (HD 106591) is about 0.5 times the size of the Sun and is located approximately 47 light-years away from Earth. Megrez is the star that completes the Big Dipper's \"dipper\" shape in the Ursa Major constellation."
		},
		{
			"hr": 4905,
			"hd": 112185.0,
			"hip": 62956.0,
			"name_constellation": "77Eps UMa",
			"proper": "Alioth",
			"rahrs": 12.0,
			"ramin": 54.0,
			"rasec": 1.7,
			"dec-": "+",
			"decdeg": 55.0,
			"decmin": 57.0,
			"decsec": 35.0,
			"GLON": 122.18,
			"GLAT": 61.16,
			"mag": 1.76,
			"absmag": -0.256,
			"dist": 25.310048089091367,
			"pmra": 111.74,
			"pmdec": -8.99,
			"lum": 110.2554332,
			"ra_decdeg": 193.5070833,
			"dec_decdeg": 55.95972222,
			"ra_rad": 3.37733573,
			"dec_rad": 0.976681401,
			"x": -13.77604973,
			"y": -3.30913824,
			"z": 20.97298638,
			"plx": 9e-06,
			"kR": 0.789,
			"kG": 0.816,
			"kB": 1.0,
			"C": 2,
			"sy_pnum": 0,
			"exo_planets": [],
			"info": "Alioth is about 7.1 times the size of the Sun and is located approximately 81.2 light-years away from Earth. It is the brightest star in the Ursa Major constellation and is part of the Big Dipper."
		},
		{
			"hr": 5054,
			"hd": 116656.0,
			"hip": 65378.0,
			"name_constellation": "79Zet UMa",
			"proper": "Mizar",
			"rahrs": 13.0,
			"ramin": 23.0,
			"rasec": 55.5,
			"dec-": "+",
			"decdeg": 54.0,
			"decmin": 55.0,
			"decsec": 31.0,
			"GLON": 113.11,
			"GLAT": 61.58,
			"mag": 2.23,
			"absmag": 0.129,
			"dist": 24.867394618198457,
			"pmra": 121.23,
			"pmdec": -22.01,
			"lum": 77.3392578,
			"ra_decdeg": 200.98125,
			"dec_decdeg": 54.92527778,
			"ra_rad": 3.507784547,
			"dec_rad": 0.95862694,
			"x": -14.11588196,
			"y": -5.413279985,
			"z": 21.53129108,
			"plx": 4.7e-05,
			"kR": 0.772,
			"kG": 0.806,
			"kB": 1.0,
			"C": 2,
			"sy_pnum": 0,
			"exo_planets": [],
			"info": "Mizar is approximately 2.3 times the size of the Sun and is about 78 light-years away from Earth. It is part of the Big Dipper and is known for being a double star system, with its companion Alcor visible to the naked eye."
		},
		{
			"hr": 5191,
			"hd": 120315.0,
			"hip": 67301.0,
			"name_constellation": "85Eta UMa",
			"proper": "Alkaid",
			"rahrs": 13.0,
			"ramin": 47.0,
			"rasec": 32.4,
			"dec-": "+",
			"decdeg": 49.0,
			"decmin": 18.0,
			"decsec": 48.0,
			"GLON": 100.69,
			"GLAT": 65.32,
			"mag": 1.85,
			"absmag": -0.667,
			"dist": 31.8674314850223,
			"pmra": -121.23,
			"pmdec": -15.56,
			"lum": 160.9904076,
			"ra_decdeg": 206.885,
			"dec_decdeg": 49.31333333,
			"ra_rad": 3.610824423,
			"dec_rad": 0.860680032,
			"x": -18.5296054,
			"y": -9.394506555,
			"z": 24.16460538,
			"plx": 3.5e-05,
			"kR": 0.426,
			"kG": 0.559,
			"kB": 1.0,
			"C": 1,
			"sy_pnum": 0,
			"exo_planets": [],
			"info": "Alkaid is about 2.5 times the size of the Sun and is located approximately 101 light-years from Earth. It is part of the Big Dipper and represents the handle of the dipper in the constellation Ursa Major."
		}
	]
}
